optimizer,mean,std
adagrad,26.333333333333332,15.631165450257805
adam,24.333333333333332,0.5773502691896255
adamw,26.333333333333332,11.846237095944574
adamx,13.2,4.494441010848846
adan,38.0,21.166010488516726
amsgrad,9.666666666666666,0.5773502691896258
lion,35.333333333333336,32.51666239535253
radam,26.333333333333332,17.616280348965084
rmsprop,100.0,0.0
sgd,100.0,0.0
yogi,9.333333333333334,2.0816659994661326
