optimizer,final_epoch,final_train_loss
adamx,100,2.9874288430217382e-05
yogi,100,8.833191348483931e-06
sgd,100,0.00025532916343285627
rmsprop,100,0.01779
radam,100,0.0009039095749345622
lion,100,0.003956763732005002
amsgrad,100,4.602253483449544e-06
adan,100,0.0009155067167273804
adamw,100,0.0007313170759738897
adam,100,0.0010033390444987185
adagrad,100,7.323786756132343e-05
