optimizer,final_epoch,final_train_loss
adamx,100,2.013661952417579e-05
adan,100,0.0008968032820064585
adamw,100,0.0011203321010898322
adam,100,0.0010033390444987185
adagrad,100,7.323786756132343e-05
