optimizer,final_epoch,final_train_loss
yogi,100,0.0095906299241173
sgd,100,2.3006423653848946
lion,100,0.00642279771146486
adan,100,0.0021667711595591407
adam,100,0.002204357740490714
adagrad,100,0.05139667348331198
